id,team,status,priority,estimate_hours,spent_hours,region,owner,note
TASK-001,preview,running,medium,2,3,us-east,user-02,sample preview row 1
TASK-002,review,blocked,high,3,6,ap-south,user-03,sample preview row 2
TASK-003,watch,done,low,4,9,af-south,user-04,sample preview row 3
TASK-004,diff,review,medium,5,12,eu-west,user-05,sample preview row 4
TASK-005,preview,queued,high,6,15,us-east,user-06,sample preview row 5
TASK-006,review,running,low,7,1,ap-south,user-07,sample preview row 6
TASK-007,watch,blocked,medium,8,4,af-south,user-08,sample preview row 7
TASK-008,diff,done,high,9,7,eu-west,user-09,sample preview row 8
TASK-009,preview,review,low,10,10,us-east,user-10,sample preview row 9
TASK-010,review,queued,medium,11,13,ap-south,user-11,sample preview row 10
TASK-011,watch,running,high,12,16,af-south,user-12,"long cell to test truncation with commas, quotes, and table width 11"
TASK-012,diff,blocked,low,13,2,eu-west,user-01,sample preview row 12
TASK-013,preview,done,medium,1,5,us-east,user-02,sample preview row 13
TASK-014,review,review,high,2,8,ap-south,user-03,sample preview row 14
TASK-015,watch,queued,low,3,11,af-south,user-04,sample preview row 15
TASK-016,diff,running,medium,4,14,eu-west,user-05,sample preview row 16
TASK-017,preview,blocked,high,5,0,us-east,user-06,sample preview row 17
TASK-018,review,done,low,6,3,ap-south,user-07,sample preview row 18
TASK-019,watch,review,medium,7,6,af-south,user-08,sample preview row 19
TASK-020,diff,queued,high,8,9,eu-west,user-09,sample preview row 20
TASK-021,preview,running,low,9,12,us-east,user-10,sample preview row 21
TASK-022,review,blocked,medium,10,15,ap-south,user-11,"long cell to test truncation with commas, quotes, and table width 22"
TASK-023,watch,done,high,11,1,af-south,user-12,sample preview row 23
TASK-024,diff,review,low,12,4,eu-west,user-01,sample preview row 24
TASK-025,preview,queued,medium,13,7,us-east,user-02,sample preview row 25
TASK-026,review,running,high,1,10,ap-south,user-03,sample preview row 26
TASK-027,watch,blocked,low,2,13,af-south,user-04,sample preview row 27
TASK-028,diff,done,medium,3,16,eu-west,user-05,sample preview row 28
TASK-029,preview,review,high,4,2,us-east,user-06,sample preview row 29
TASK-030,review,queued,low,5,5,ap-south,user-07,sample preview row 30
TASK-031,watch,running,medium,6,8,af-south,user-08,sample preview row 31
TASK-032,diff,blocked,high,7,11,eu-west,user-09,sample preview row 32
TASK-033,preview,done,low,8,14,us-east,user-10,"long cell to test truncation with commas, quotes, and table width 33"
TASK-034,review,review,medium,9,0,ap-south,user-11,sample preview row 34
TASK-035,watch,queued,high,10,3,af-south,user-12,sample preview row 35
TASK-036,diff,running,low,11,6,eu-west,user-01,sample preview row 36
TASK-037,preview,blocked,medium,12,9,us-east,user-02,sample preview row 37
TASK-038,review,done,high,13,12,ap-south,user-03,sample preview row 38
TASK-039,watch,review,low,1,15,af-south,user-04,sample preview row 39
TASK-040,diff,queued,medium,2,1,eu-west,user-05,sample preview row 40
TASK-041,preview,running,high,3,4,us-east,user-06,sample preview row 41
TASK-042,review,blocked,low,4,7,ap-south,user-07,sample preview row 42
TASK-043,watch,done,medium,5,10,af-south,user-08,sample preview row 43
TASK-044,diff,review,high,6,13,eu-west,user-09,"long cell to test truncation with commas, quotes, and table width 44"
TASK-045,preview,queued,low,7,16,us-east,user-10,sample preview row 45
TASK-046,review,running,medium,8,2,ap-south,user-11,sample preview row 46
TASK-047,watch,blocked,high,9,5,af-south,user-12,sample preview row 47
TASK-048,diff,done,low,10,8,eu-west,user-01,sample preview row 48
TASK-049,preview,review,medium,11,11,us-east,user-02,sample preview row 49
TASK-050,review,queued,high,12,14,ap-south,user-03,sample preview row 50
TASK-051,watch,running,low,13,0,af-south,user-04,sample preview row 51
TASK-052,diff,blocked,medium,1,3,eu-west,user-05,sample preview row 52
TASK-053,preview,done,high,2,6,us-east,user-06,sample preview row 53
TASK-054,review,review,low,3,9,ap-south,user-07,sample preview row 54
TASK-055,watch,queued,medium,4,12,af-south,user-08,"long cell to test truncation with commas, quotes, and table width 55"
TASK-056,diff,running,high,5,15,eu-west,user-09,sample preview row 56
TASK-057,preview,blocked,low,6,1,us-east,user-10,sample preview row 57
TASK-058,review,done,medium,7,4,ap-south,user-11,sample preview row 58
TASK-059,watch,review,high,8,7,af-south,user-12,sample preview row 59
TASK-060,diff,queued,low,9,10,eu-west,user-01,sample preview row 60
TASK-061,preview,running,medium,10,13,us-east,user-02,sample preview row 61
TASK-062,review,blocked,high,11,16,ap-south,user-03,sample preview row 62
TASK-063,watch,done,low,12,2,af-south,user-04,sample preview row 63
TASK-064,diff,review,medium,13,5,eu-west,user-05,sample preview row 64
TASK-065,preview,queued,high,1,8,us-east,user-06,sample preview row 65
TASK-066,review,running,low,2,11,ap-south,user-07,"long cell to test truncation with commas, quotes, and table width 66"
TASK-067,watch,blocked,medium,3,14,af-south,user-08,sample preview row 67
TASK-068,diff,done,high,4,0,eu-west,user-09,sample preview row 68
TASK-069,preview,review,low,5,3,us-east,user-10,sample preview row 69
TASK-070,review,queued,medium,6,6,ap-south,user-11,sample preview row 70
TASK-071,watch,running,high,7,9,af-south,user-12,sample preview row 71
TASK-072,diff,blocked,low,8,12,eu-west,user-01,sample preview row 72
TASK-073,preview,done,medium,9,15,us-east,user-02,sample preview row 73
TASK-074,review,review,high,10,1,ap-south,user-03,sample preview row 74
TASK-075,watch,queued,low,11,4,af-south,user-04,sample preview row 75
TASK-076,diff,running,medium,12,7,eu-west,user-05,sample preview row 76
TASK-077,preview,blocked,high,13,10,us-east,user-06,"long cell to test truncation with commas, quotes, and table width 77"
TASK-078,review,done,low,1,13,ap-south,user-07,sample preview row 78
TASK-079,watch,review,medium,2,16,af-south,user-08,sample preview row 79
TASK-080,diff,queued,high,3,2,eu-west,user-09,sample preview row 80
TASK-081,preview,running,low,4,5,us-east,user-10,sample preview row 81
TASK-082,review,blocked,medium,5,8,ap-south,user-11,sample preview row 82
TASK-083,watch,done,high,6,11,af-south,user-12,sample preview row 83
TASK-084,diff,review,low,7,14,eu-west,user-01,sample preview row 84
TASK-085,preview,queued,medium,8,0,us-east,user-02,sample preview row 85
TASK-086,review,running,high,9,3,ap-south,user-03,sample preview row 86
TASK-087,watch,blocked,low,10,6,af-south,user-04,sample preview row 87
TASK-088,diff,done,medium,11,9,eu-west,user-05,"long cell to test truncation with commas, quotes, and table width 88"
TASK-089,preview,review,high,12,12,us-east,user-06,sample preview row 89
TASK-090,review,queued,low,13,15,ap-south,user-07,sample preview row 90
TASK-091,watch,running,medium,1,1,af-south,user-08,sample preview row 91
TASK-092,diff,blocked,high,2,4,eu-west,user-09,sample preview row 92
TASK-093,preview,done,low,3,7,us-east,user-10,sample preview row 93
TASK-094,review,review,medium,4,10,ap-south,user-11,sample preview row 94
TASK-095,watch,queued,high,5,13,af-south,user-12,sample preview row 95
TASK-096,diff,running,low,6,16,eu-west,user-01,sample preview row 96
TASK-097,preview,blocked,medium,7,2,us-east,user-02,sample preview row 97
TASK-098,review,done,high,8,5,ap-south,user-03,sample preview row 98
TASK-099,watch,review,low,9,8,af-south,user-04,"long cell to test truncation with commas, quotes, and table width 99"
TASK-100,diff,queued,medium,10,11,eu-west,user-05,sample preview row 100
TASK-101,preview,running,high,11,14,us-east,user-06,sample preview row 101
TASK-102,review,blocked,low,12,0,ap-south,user-07,sample preview row 102
TASK-103,watch,done,medium,13,3,af-south,user-08,sample preview row 103
TASK-104,diff,review,high,1,6,eu-west,user-09,sample preview row 104
TASK-105,preview,queued,low,2,9,us-east,user-10,sample preview row 105
TASK-106,review,running,medium,3,12,ap-south,user-11,sample preview row 106
TASK-107,watch,blocked,high,4,15,af-south,user-12,sample preview row 107
TASK-108,diff,done,low,5,1,eu-west,user-01,sample preview row 108
TASK-109,preview,review,medium,6,4,us-east,user-02,sample preview row 109
TASK-110,review,queued,high,7,7,ap-south,user-03,"long cell to test truncation with commas, quotes, and table width 110"
TASK-111,watch,running,low,8,10,af-south,user-04,sample preview row 111
TASK-112,diff,blocked,medium,9,13,eu-west,user-05,sample preview row 112
TASK-113,preview,done,high,10,16,us-east,user-06,sample preview row 113
TASK-114,review,review,low,11,2,ap-south,user-07,sample preview row 114
TASK-115,watch,queued,medium,12,5,af-south,user-08,sample preview row 115
TASK-116,diff,running,high,13,8,eu-west,user-09,sample preview row 116
TASK-117,preview,blocked,low,1,11,us-east,user-10,sample preview row 117
TASK-118,review,done,medium,2,14,ap-south,user-11,sample preview row 118
TASK-119,watch,review,high,3,0,af-south,user-12,sample preview row 119
TASK-120,diff,queued,low,4,3,eu-west,user-01,sample preview row 120
TASK-121,preview,running,medium,5,6,us-east,user-02,"long cell to test truncation with commas, quotes, and table width 121"
TASK-122,review,blocked,high,6,9,ap-south,user-03,sample preview row 122
TASK-123,watch,done,low,7,12,af-south,user-04,sample preview row 123
TASK-124,diff,review,medium,8,15,eu-west,user-05,sample preview row 124
TASK-125,preview,queued,high,9,1,us-east,user-06,sample preview row 125
TASK-126,review,running,low,10,4,ap-south,user-07,sample preview row 126
TASK-127,watch,blocked,medium,11,7,af-south,user-08,sample preview row 127
TASK-128,diff,done,high,12,10,eu-west,user-09,sample preview row 128
TASK-129,preview,review,low,13,13,us-east,user-10,sample preview row 129
TASK-130,review,queued,medium,1,16,ap-south,user-11,sample preview row 130
TASK-131,watch,running,high,2,2,af-south,user-12,sample preview row 131
TASK-132,diff,blocked,low,3,5,eu-west,user-01,"long cell to test truncation with commas, quotes, and table width 132"
TASK-133,preview,done,medium,4,8,us-east,user-02,sample preview row 133
TASK-134,review,review,high,5,11,ap-south,user-03,sample preview row 134
TASK-135,watch,queued,low,6,14,af-south,user-04,sample preview row 135
TASK-136,diff,running,medium,7,0,eu-west,user-05,sample preview row 136
TASK-137,preview,blocked,high,8,3,us-east,user-06,sample preview row 137
TASK-138,review,done,low,9,6,ap-south,user-07,sample preview row 138
TASK-139,watch,review,medium,10,9,af-south,user-08,sample preview row 139
TASK-140,diff,queued,high,11,12,eu-west,user-09,sample preview row 140
TASK-141,preview,running,low,12,15,us-east,user-10,sample preview row 141
TASK-142,review,blocked,medium,13,1,ap-south,user-11,sample preview row 142
TASK-143,watch,done,high,1,4,af-south,user-12,"long cell to test truncation with commas, quotes, and table width 143"
TASK-144,diff,review,low,2,7,eu-west,user-01,sample preview row 144
TASK-145,preview,queued,medium,3,10,us-east,user-02,sample preview row 145
TASK-146,review,running,high,4,13,ap-south,user-03,sample preview row 146
TASK-147,watch,blocked,low,5,16,af-south,user-04,sample preview row 147
TASK-148,diff,done,medium,6,2,eu-west,user-05,sample preview row 148
TASK-149,preview,review,high,7,5,us-east,user-06,sample preview row 149
TASK-150,review,queued,low,8,8,ap-south,user-07,sample preview row 150
TASK-151,watch,running,medium,9,11,af-south,user-08,sample preview row 151
TASK-152,diff,blocked,high,10,14,eu-west,user-09,sample preview row 152
TASK-153,preview,done,low,11,0,us-east,user-10,sample preview row 153
TASK-154,review,review,medium,12,3,ap-south,user-11,"long cell to test truncation with commas, quotes, and table width 154"
TASK-155,watch,queued,high,13,6,af-south,user-12,sample preview row 155
TASK-156,diff,running,low,1,9,eu-west,user-01,sample preview row 156
TASK-157,preview,blocked,medium,2,12,us-east,user-02,sample preview row 157
TASK-158,review,done,high,3,15,ap-south,user-03,sample preview row 158
TASK-159,watch,review,low,4,1,af-south,user-04,sample preview row 159
TASK-160,diff,queued,medium,5,4,eu-west,user-05,sample preview row 160
TASK-161,preview,running,high,6,7,us-east,user-06,sample preview row 161
TASK-162,review,blocked,low,7,10,ap-south,user-07,sample preview row 162
TASK-163,watch,done,medium,8,13,af-south,user-08,sample preview row 163
TASK-164,diff,review,high,9,16,eu-west,user-09,sample preview row 164
TASK-165,preview,queued,low,10,2,us-east,user-10,"long cell to test truncation with commas, quotes, and table width 165"
TASK-166,review,running,medium,11,5,ap-south,user-11,sample preview row 166
TASK-167,watch,blocked,high,12,8,af-south,user-12,sample preview row 167
TASK-168,diff,done,low,13,11,eu-west,user-01,sample preview row 168
TASK-169,preview,review,medium,1,14,us-east,user-02,sample preview row 169
TASK-170,review,queued,high,2,0,ap-south,user-03,sample preview row 170
TASK-171,watch,running,low,3,3,af-south,user-04,sample preview row 171
TASK-172,diff,blocked,medium,4,6,eu-west,user-05,sample preview row 172
TASK-173,preview,done,high,5,9,us-east,user-06,sample preview row 173
TASK-174,review,review,low,6,12,ap-south,user-07,sample preview row 174
TASK-175,watch,queued,medium,7,15,af-south,user-08,sample preview row 175
TASK-176,diff,running,high,8,1,eu-west,user-09,"long cell to test truncation with commas, quotes, and table width 176"
TASK-177,preview,blocked,low,9,4,us-east,user-10,sample preview row 177
TASK-178,review,done,medium,10,7,ap-south,user-11,sample preview row 178
TASK-179,watch,review,high,11,10,af-south,user-12,sample preview row 179
TASK-180,diff,queued,low,12,13,eu-west,user-01,sample preview row 180
